{"v":"5.7.7","fr":30,"ip":0,"op":60,"w":741,"h":772,"nm":"画板","ddd":0,"assets":[{"id":"image_0","w":363,"h":364,"u":"images/","p":"img_0.png","e":0},{"id":"image_1","w":348,"h":349,"u":"images/","p":"img_1.png","e":0},{"id":"image_2","w":743,"h":774,"u":"images/","p":"img_2.png","e":0}],"layers":[{"ddd":0,"ind":1,"ty":2,"nm":"编组.png","cl":"png","refId":"image_0","sr":1,"ks":{"o":{"a":0,"k":100,"ix":11},"r":{"a":1,"k":[{"i":{"x":[0.833],"y":[0.833]},"o":{"x":[0.167],"y":[0.167]},"t":0,"s":[0]},{"t":60,"s":[-360]}],"ix":10},"p":{"a":0,"k":[370.5,386,0],"ix":2,"l":2},"a":{"a":0,"k":[29.5,333.5,0],"ix":1,"l":2},"s":{"a":0,"k":[100,100,100],"ix":6,"l":2}},"ao":0,"ip":0,"op":60,"st":0,"bm":0},{"ddd":0,"ind":2,"ty":2,"nm":"编组 2.png","cl":"png","refId":"image_1","sr":1,"ks":{"o":{"a":0,"k":100,"ix":11},"r":{"a":1,"k":[{"i":{"x":[0.833],"y":[0.833]},"o":{"x":[0.167],"y":[0.167]},"t":0,"s":[0]},{"t":60,"s":[-360]}],"ix":10},"p":{"a":0,"k":[370.5,386,0],"ix":2,"l":2},"a":{"a":0,"k":[271,13.5,0],"ix":1,"l":2},"s":{"a":0,"k":[100,100,100],"ix":6,"l":2}},"ao":0,"ip":0,"op":60,"st":0,"bm":0},{"ddd":0,"ind":3,"ty":2,"nm":"底部.png","cl":"png","refId":"image_2","sr":1,"ks":{"o":{"a":0,"k":100,"ix":11},"r":{"a":0,"k":0,"ix":10},"p":{"a":0,"k":[370.5,386,0],"ix":2,"l":2},"a":{"a":0,"k":[371.5,387,0],"ix":1,"l":2},"s":{"a":0,"k":[100,100,100],"ix":6,"l":2}},"ao":0,"ip":0,"op":60,"st":0,"bm":0}],"markers":[]}